{"cameraMode":{"drawMode":0,"name":"Shaded","section":"Shading Mode"},"sceneLighting":false,"audioPlay":false,"sceneViewState":{"m_AlwaysRefresh":false,"showFog":true,"showSkybox":false,"showFlares":true,"showImageEffects":true,"showParticleSystems":true,"showVisualEffectGraphs":true,"m_FxEnabled":true},"in2DMode":false,"pivot":{"x":0.03541004657745361,"y":1.0394489765167237,"z":0.0827791690826416},"rotation":{"x":-0.15388137102127076,"y":-0.548301637172699,"z":0.10314269363880158,"w":-0.8156263828277588},"size":2.183253049850464,"orthographic":false}