{"cameraMode":{"drawMode":0,"name":"Shaded","section":"Shading Mode"},"sceneLighting":false,"audioPlay":false,"sceneViewState":{"m_AlwaysRefresh":false,"showFog":true,"showSkybox":false,"showFlares":true,"showImageEffects":true,"showParticleSystems":true,"showVisualEffectGraphs":true,"m_FxEnabled":true},"in2DMode":false,"pivot":{"x":145.8206329345703,"y":118.57083129882813,"z":496.1537170410156},"rotation":{"x":0.09593190252780914,"y":-0.06592824310064316,"z":0.006916106212884188,"w":0.9933671951293945},"size":29.305553436279298,"orthographic":false}